order_id,order_date,customer_id,customer_age,gender,region,product_name,category,quantity,unit_price,discount_percent,order_amount,customer_segment,is_repeat_customer,delivery_days,customer_rating
ORD-100000,2024-08-16,CUST-1035,65.0,Male,Saint Petersburg,AirPods Pro,Headphones,2,250,5,475.0,Business,True,1.0,
ORD-100001,2025-10-27,CUST-1179,52.0,Female,Novosibirsk,iPhone 15,Smartphones,2,900,25,1350.0,Business,False,1.0,4.5
ORD-100002,2024-08-08,CUST-1195,39.0,Male,Saint Petersburg,Google Pixel 9,Smartphones,1,800,5,760.0,Business,True,,
ORD-100003,2024-05-07,CUST-1096,23.0,Female,Krasnodar,AirPods Pro,Headphones,2,250,20,400.0,Standard,True,1.0,4.3
ORD-100004,2024-04-13,CUST-1097,35.0,Female,Krasnodar,PlayStation 5,Consoles,3,600,30,1260.0,Standard,False,6.0,3.4
ORD-100005,2025-06-30,CUST-1186,-5.0,Male,Vladivostok,MacBook Air M3,Laptops,2,1400,5,2660.0,Business,False,9.0,3.4
ORD-100006,2024-11-19,CUST-1102,35.0,Male,Novosibirsk,MacBook Air M3,Laptops,1,1400,0,1400.0,Premium,True,8.0,3.8
ORD-100007,2024-09-09,CUST-1190,53.0,Female,Rostov-on-Don,Laptop Stand,Accessories,1,30,5,28.5,Business,False,4.0,5.0
ORD-100008,2024-04-22,CUST-1039,58.0,Male,Rostov-on-Don,Google Pixel 9,Smartphones,1,800,0,800.0,Economy,False,7.0,4.2
ORD-100009,2024-01-12,CUST-1174,,,Yekaterinburg,Xiaomi TV,TVs,5,700,30,2450.0,Premium,True,,
ORD-100010,2024-07-01,CUST-1129,250.0,Female,Novosibirsk,Xiaomi TV,TVs,5,700,30,2450.0,Standard,False,3.0,4.1
ORD-100011,2024-11-27,CUST-1125,19.0,Male,Krasnodar,Nintendo Switch,Consoles,4,350,20,1120.0,Premium,True,1.0,
ORD-100012,2024-03-11,CUST-1194,52.0,Male,Kazan,AirPods Pro,Headphones,1,250,15,212.5,Business,True,5.0,4.1
ORD-100013,2025-12-07,CUST-1051,63.0,Female,Rostov-on-Don,Sony WH-1000XM5,Headphones,4,350,30,980.0,Premium,False,9.0,3.9
ORD-100014,2025-07-21,CUST-1058,55.0,Male,Moscow,iPhone 15,Smartphones,1,900,20,720.0,Economy,True,4.0,3.1
ORD-100015,2024-10-12,CUST-1171,49.0,Male,Kazan,Xiaomi 14,Smartphones,-3,650,5,-1852.5,Business,True,8.0,4.6
ORD-100016,2025-03-09,CUST-1105,47.0,Male,Saint Petersburg,iPhone 15,Smartphones,2,900,10,1620.0,Economy,False,6.0,4.6
ORD-100017,2024-05-23,CUST-1108,29.0,Female,Vladivostok,Samsung Galaxy S24,Smartphones,1,850,15,722.5,Standard,True,8.0,4.6
ORD-100018,2024-01-16,CUST-1023,66.0,Male,Kazan,USB-C Cable,Accessories,1,15,20,12.0,Business,False,8.0,3.4
ORD-100019,2025-02-03,CUST-1067,68.0,Female,Yekaterinburg,MacBook Air M3,Laptops,1,1400,0,1400.0,Business,False,3.0,3.4
ORD-100020,2024-03-03,CUST-1191,38.0,Male,Moscow,iPhone 15,Smartphones,2,900,120,-360.0,Business,True,1.0,4.9
ORD-100021,2025-11-22,CUST-1060,43.0,Male,Novosibirsk,Samsung Galaxy S24,Smartphones,1,850,0,850.0,Economy,True,7.0,4.3
ORD-100022,2025-11-16,CUST-1183,38.0,Male,Yekaterinburg,JBL Tune,Headphones,4,120,5,456.0,Business,True,5.0,
ORD-100023,2025-07-30,CUST-1025,22.0,Male,Yekaterinburg,USB-C Cable,Accessories,1,15,20,12.0,Standard,False,2.0,4.8
ORD-100024,2025-12-21,CUST-1077,57.0,Male,Yekaterinburg,Lenovo ThinkPad X1,Laptops,1,1300,20,1040.0,Economy,True,5.0,3.2
ORD-100025,2024-08-03,CUST-1183,39.0,Male,Yekaterinburg,Samsung Galaxy S24,Smartphones,1,-500,20,-400.0,Business,False,1.0,3.2
ORD-100026,2024-05-13,CUST-1163,34.0,Male,Vladivostok,ASUS ZenBook,Laptops,1,1100,10,990.0,Business,True,2.0,3.2
ORD-100027,2025-01-13,CUST-1149,53.0,Male,Rostov-on-Don,Power Bank,Accessories,1,40,30,28.0,Standard,True,5.0,3.7
ORD-100028,2025-11-29,CUST-1063,60.0,Male,Krasnodar,USB-C Cable,Accessories,4,15,5,57.0,Business,True,4.0,4.7
ORD-100029,2024-07-02,CUST-1188,39.0,Female,Novosibirsk,Power Bank,Accessories,4,40,0,160.0,Premium,True,2.0,3.8
ORD-100030,2025-04-16,CUST-1089,,Male,Novosibirsk,MacBook Air M3,Laptops,100,1400,30,98000.0,Economy,True,,
ORD-100031,2025-02-13,CUST-1173,52.0,Female,Moscow,PlayStation 5,Consoles,200,600,20,96000.0,Economy,False,3.0,4.2
ORD-100032,2024-12-19,CUST-1186,68.0,Female,Rostov-on-Don,USB-C Cable,Accessories,1,15,15,12.75,Economy,False,10.0,3.4
ORD-100033,2025-07-05,CUST-1175,64.0,Male,Krasnodar,Google Pixel 9,Smartphones,1,800,30,560.0,Business,True,6.0,
ORD-100034,2025-06-03,CUST-1079,60.0,Female,Krasnodar,AirPods Pro,Headphones,2,250,10,450.0,Business,False,9.0,3.3
ORD-100035,2025-09-22,CUST-1145,37.0,Female,Moscow,HP Pavilion,Laptops,2,900,5,1710.0,Premium,False,4.0,3.9
ORD-100036,2025-11-22,CUST-1054,50.0,Female,Kazan,JBL Tune,Headphones,1,120,15,102.0,Economy,False,9.0,4.3
ORD-100037,2024-08-28,CUST-1172,37.0,Male,Novosibirsk,AirPods Pro,Headphones,3,250,30,525.0,Standard,True,1.0,3.5
ORD-100038,2025-08-12,CUST-1049,63.0,Female,Vladivostok,Samsung QLED,TVs,1,1200,25,900.0,Business,True,3.0,4.3
ORD-100039,2024-06-29,CUST-1178,51.0,Female,Moscow,iPhone 15,Smartphones,3,900,5,2565.0,Standard,True,8.0,3.3
ORD-100040,2025-09-19,CUST-1184,50.0,Female,Vladivostok,Xiaomi TV,TVs,5,700,15,2975.0,Standard,False,8.0,3.5
ORD-100041,2025-05-11,CUST-1160,33.0,Female,Vladivostok,Xiaomi 14,Smartphones,3,650,20,1560.0,Economy,False,4.0,3.5
ORD-100042,2025-01-27,CUST-1177,27.0,Male,Saint Petersburg,MacBook Air M3,Laptops,1,1400,5,1330.0,Business,False,6.0,4.1
ORD-100043,2025-08-21,CUST-1178,19.0,Female,Vladivostok,Lenovo ThinkPad X1,Laptops,3,1300,15,3315.0,Economy,False,5.0,4.5
ORD-100044,2025-07-13,CUST-1154,32.0,Female,Novosibirsk,Laptop Stand,Accessories,1,30,25,22.5,Premium,False,8.0,3.1
ORD-100045,2025-04-23,CUST-1032,57.0,Male,Rostov-on-Don,HP Pavilion,Laptops,2,900,30,1260.0,Economy,True,7.0,3.3
ORD-100046,2024-08-04,CUST-1116,38.0,Female,Rostov-on-Don,Samsung QLED,TVs,1,1200,10,1080.0,Premium,False,5.0,4.7
ORD-100047,2024-08-17,CUST-1166,22.0,Male,Moscow,Samsung QLED,TVs,5,1200,10,5400.0,Standard,True,1.0,4.2
ORD-100048,2024-08-11,CUST-1119,62.0,Female,Krasnodar,Google Pixel 9,Smartphones,2,800,20,1280.0,Standard,True,3.0,4.9
ORD-100049,2025-11-24,CUST-1096,43.0,Male,Saint Petersburg,iPhone 15,Smartphones,4,900,20,2880.0,Standard,True,5.0,4.7
ORD-100050,2024-02-12,CUST-1088,52.0,Female,Krasnodar,AirPods Pro,Headphones,3,250,20,600.0,Economy,False,1.0,4.7
ORD-100051,2025-10-12,CUST-1117,63.0,Male,Rostov-on-Don,USB-C Cable,Accessories,1,15,10,13.5,Standard,False,10.0,4.6
ORD-100052,2025-08-29,CUST-1068,38.0,Male,Saint Petersburg,Sony Bravia,TVs,1,1300,30,910.0,Premium,False,4.0,4.5
ORD-100053,2024-11-28,CUST-1046,49.0,Male,Krasnodar,Samsung Buds,Headphones,1,180,15,153.0,Premium,False,5.0,4.8
ORD-100054,2024-07-14,CUST-1021,33.0,Female,Vladivostok,Xbox Series X,Consoles,2,550,20,880.0,Standard,False,8.0,3.9
ORD-100055,2024-09-06,CUST-1078,60.0,Female,Vladivostok,Xiaomi 14,Smartphones,1,650,25,487.5,Premium,False,9.0,3.7
ORD-100056,2024-05-03,CUST-1184,30.0,Female,Saint Petersburg,Xbox Series X,Consoles,1,550,5,522.5,Standard,True,4.0,4.5
ORD-100057,2024-07-17,CUST-1075,32.0,Female,Kazan,ASUS ZenBook,Laptops,5,1100,30,3850.0,Premium,True,9.0,3.3
ORD-100058,2024-05-09,CUST-1163,66.0,Female,Saint Petersburg,iPhone 15,Smartphones,2,900,25,1350.0,Economy,False,8.0,4.0
ORD-100059,2025-05-04,CUST-1029,70.0,Male,Rostov-on-Don,MacBook Air M3,Laptops,1,1400,30,980.0,Business,True,10.0,4.3
ORD-100060,2024-03-28,CUST-1063,25.0,Female,Novosibirsk,Samsung Galaxy S24,Smartphones,3,850,10,2295.0,Business,False,8.0,3.6
ORD-100061,2024-03-02,CUST-1156,65.0,Male,Novosibirsk,Samsung Buds,Headphones,1,180,20,144.0,Standard,False,2.0,3.3
ORD-100062,2025-04-06,CUST-1176,56.0,Female,Yekaterinburg,iPhone 15,Smartphones,1,900,15,765.0,Economy,True,5.0,4.4
ORD-100063,2024-09-27,CUST-1160,55.0,Male,Rostov-on-Don,Xbox Series X,Consoles,1,550,5,522.5,Economy,True,3.0,
ORD-100064,2024-11-10,CUST-1152,65.0,Female,Vladivostok,USB-C Cable,Accessories,1,15,30,10.5,Economy,False,5.0,4.4
ORD-100065,2024-03-23,CUST-1153,20.0,Female,Krasnodar,Keyboard,Accessories,1,60,15,51.0,Premium,True,2.0,3.5
ORD-100066,2024-10-02,CUST-1147,20.0,Male,Vladivostok,AirPods Pro,Headphones,5,250,25,937.5,Business,False,3.0,5.0
ORD-100067,2024-12-22,CUST-1104,39.0,Female,Saint Petersburg,HP Pavilion,Laptops,5,900,15,3825.0,Standard,False,7.0,4.4
ORD-100068,2024-02-07,CUST-1116,,,Yekaterinburg,HP Pavilion,Laptops,3,900,20,2160.0,Premium,True,,
ORD-100069,2025-04-18,CUST-1105,21.0,Male,Krasnodar,USB-C Cable,Accessories,2,15,20,24.0,Business,False,1.0,3.4
ORD-100070,2025-05-11,CUST-1031,19.0,Male,Kazan,Xiaomi TV,TVs,1,700,25,525.0,Premium,True,9.0,
ORD-100071,2025-10-25,CUST-1039,49.0,Female,Yekaterinburg,iPhone 15,Smartphones,1,900,0,900.0,Business,False,8.0,3.5
ORD-100072,2025-06-04,CUST-1191,26.0,Male,Yekaterinburg,Samsung Buds,Headphones,1,180,20,144.0,Business,False,9.0,3.5
ORD-100073,2025-11-06,CUST-1125,,,Vladivostok,Xiaomi 14,Smartphones,3,650,20,1560.0,Premium,False,,
ORD-100074,2024-09-01,CUST-1146,42.0,Male,Rostov-on-Don,ASUS ZenBook,Laptops,3,1100,25,2475.0,Economy,False,8.0,4.4
ORD-100075,2025-10-29,CUST-1038,49.0,Male,Kazan,Laptop Stand,Accessories,5,30,30,105.0,Premium,True,8.0,3.2
ORD-100076,2025-11-01,CUST-1039,,Female,Yekaterinburg,USB-C Cable,Accessories,2,15,15,25.5,Premium,False,,
ORD-100077,2025-10-03,CUST-1183,66.0,Female,Moscow,Keyboard,Accessories,1,60,10,54.0,Economy,True,5.0,
ORD-100078,2025-10-10,CUST-1180,24.0,Female,Kazan,Xbox Series X,Consoles,5,550,30,1925.0,Premium,True,1.0,3.6
ORD-100079,2024-09-07,CUST-1135,44.0,Male,Kazan,Xiaomi 14,Smartphones,1,650,5,617.5,Standard,True,10.0,4.7
ORD-100080,2024-05-26,CUST-1059,47.0,Female,Vladivostok,Sony WH-1000XM5,Headphones,1,350,20,280.0,Premium,True,8.0,4.8
ORD-100081,2025-08-24,CUST-1076,58.0,Female,Yekaterinburg,Sony WH-1000XM5,Headphones,1,350,10,315.0,Business,False,4.0,5.0
ORD-100082,2025-01-02,CUST-1147,36.0,Female,Moscow,USB-C Cable,Accessories,1,15,20,12.0,Business,False,1.0,4.1
ORD-100083,2025-05-23,CUST-1073,67.0,Male,Krasnodar,AirPods Pro,Headphones,4,250,25,750.0,Standard,True,10.0,3.5
ORD-100084,2025-10-05,CUST-1024,,,Yekaterinburg,Nintendo Switch,Consoles,2,350,5,665.0,Business,True,,
ORD-100085,2024-06-28,CUST-1051,26.0,Female,Yekaterinburg,Xiaomi 14,Smartphones,1,650,15,552.5,Standard,False,8.0,4.9
ORD-100086,2024-03-18,CUST-1036,66.0,Male,Rostov-on-Don,ASUS ZenBook,Laptops,3,1100,15,2805.0,Premium,True,7.0,3.0
ORD-100087,2025-11-19,CUST-1067,55.0,Female,Krasnodar,Sony Bravia,TVs,1,1300,25,975.0,Economy,True,8.0,3.1
ORD-100088,2024-08-14,CUST-1165,22.0,Female,Yekaterinburg,Keyboard,Accessories,1,60,20,48.0,Business,True,3.0,3.1
ORD-100089,2025-07-04,CUST-1034,42.0,Female,Krasnodar,Google Pixel 9,Smartphones,1,800,5,760.0,Business,True,7.0,4.3
ORD-100090,2024-02-03,CUST-1176,41.0,Male,Vladivostok,Keyboard,Accessories,1,60,10,54.0,Business,True,6.0,3.2
ORD-100091,2024-07-13,CUST-1031,70.0,Female,Saint Petersburg,JBL Tune,Headphones,1,120,10,108.0,Standard,True,1.0,4.6
ORD-100092,2024-03-11,CUST-1195,53.0,Male,Novosibirsk,Samsung Galaxy S24,Smartphones,3,850,5,2422.5,Standard,False,3.0,4.6
ORD-100093,2024-05-13,CUST-1138,34.0,Male,Saint Petersburg,JBL Tune,Headphones,3,120,5,342.0,Economy,True,1.0,
ORD-100094,2024-09-28,CUST-1013,26.0,Female,Saint Petersburg,Nintendo Switch,Consoles,1,350,5,332.5,Economy,False,8.0,4.6
ORD-100095,2025-09-21,CUST-1011,64.0,Female,Vladivostok,Samsung QLED,TVs,1,1200,5,1140.0,Economy,True,8.0,4.7
ORD-100096,2024-03-16,CUST-1020,38.0,Male,Saint Petersburg,MacBook Air M3,Laptops,1,1400,15,1190.0,Standard,False,10.0,4.3
ORD-100097,2025-06-27,CUST-1075,47.0,Female,Saint Petersburg,Xiaomi TV,TVs,1,700,20,560.0,Economy,True,7.0,3.9
ORD-100098,2025-03-01,CUST-1186,24.0,Female,Rostov-on-Don,Xiaomi 14,Smartphones,3,650,15,1657.5,Premium,False,6.0,4.9
ORD-100099,2024-03-28,CUST-1023,45.0,Male,Krasnodar,Samsung Buds,Headphones,1,180,30,126.0,Standard,True,10.0,4.9
ORD-100100,2025-11-12,CUST-1192,45.0,Male,Yekaterinburg,AirPods Pro,Headphones,1,250,30,175.0,Premium,False,2.0,4.2
ORD-100101,2024-12-24,CUST-1142,41.0,Male,Yekaterinburg,Google Pixel 9,Smartphones,1,800,0,800.0,Standard,False,,
ORD-100102,2024-01-27,CUST-1155,60.0,Female,Moscow,Keyboard,Accessories,2,60,20,96.0,Standard,False,5.0,4.8
ORD-100103,2025-11-04,CUST-1102,22.0,Male,Moscow,Lenovo ThinkPad X1,Laptops,3,1300,20,3120.0,Economy,True,7.0,3.8
ORD-100104,2025-08-04,CUST-1152,,,Kazan,ASUS ZenBook,Laptops,1,1100,10,990.0,Standard,True,,
ORD-100105,2024-10-06,CUST-1055,66.0,Male,Krasnodar,Samsung Buds,Headphones,2,180,15,306.0,Business,True,5.0,4.4
ORD-100106,2025-09-05,CUST-1014,18.0,Male,Yekaterinburg,JBL Tune,Headphones,1,120,15,102.0,Standard,True,5.0,3.6
ORD-100107,2024-05-12,CUST-1097,52.0,Male,Krasnodar,Google Pixel 9,Smartphones,2,800,5,1520.0,Economy,False,1.0,3.9
ORD-100108,2025-03-15,CUST-1146,43.0,Female,Yekaterinburg,Samsung QLED,TVs,3,1200,20,2880.0,Economy,False,1.0,4.9
ORD-100109,2024-03-31,CUST-1111,24.0,Male,Rostov-on-Don,Google Pixel 9,Smartphones,3,800,10,2160.0,Business,True,7.0,4.7
ORD-100110,2024-03-19,CUST-1130,58.0,Male,Novosibirsk,PlayStation 5,Consoles,1,600,5,570.0,Premium,False,3.0,3.5
ORD-100111,2025-11-02,CUST-1019,29.0,Female,Vladivostok,Samsung Galaxy S24,Smartphones,1,850,5,807.5,Business,False,6.0,3.3
ORD-100112,2024-10-08,CUST-1151,21.0,Female,Saint Petersburg,Google Pixel 9,Smartphones,2,800,30,1120.0,Premium,False,8.0,3.1
ORD-100113,2024-04-02,CUST-1157,56.0,Female,Vladivostok,ASUS ZenBook,Laptops,1,1100,30,770.0,Economy,False,10.0,4.3
ORD-100114,2025-04-06,CUST-1026,69.0,Female,Saint Petersburg,HP Pavilion,Laptops,1,900,0,900.0,Standard,True,4.0,4.4
ORD-100115,2025-01-07,CUST-1095,36.0,Female,Rostov-on-Don,Keyboard,Accessories,1,60,5,57.0,Premium,True,6.0,3.1
ORD-100116,2025-11-03,CUST-1154,27.0,Female,Saint Petersburg,Google Pixel 9,Smartphones,1,800,25,600.0,Standard,False,5.0,4.9
ORD-100117,2024-03-27,CUST-1079,53.0,Female,Krasnodar,Samsung Buds,Headphones,1,180,25,135.0,Standard,True,7.0,4.0
ORD-100118,2024-12-15,CUST-1196,49.0,Male,Novosibirsk,Xiaomi 14,Smartphones,1,650,5,617.5,Standard,True,2.0,3.6
ORD-100119,2025-06-23,CUST-1009,60.0,Female,Kazan,Nintendo Switch,Consoles,3,350,30,735.0,Business,True,3.0,3.4
ORD-100120,2025-02-24,CUST-1093,61.0,Male,Vladivostok,Sony WH-1000XM5,Headphones,2,350,0,700.0,Premium,False,4.0,4.1
ORD-100121,2025-01-11,CUST-1173,54.0,Female,Vladivostok,HP Pavilion,Laptops,4,900,5,3420.0,Premium,False,9.0,4.1
ORD-100122,2024-09-13,CUST-1013,59.0,Female,Krasnodar,Power Bank,Accessories,3,40,5,114.0,Economy,True,5.0,3.2
ORD-100123,2025-03-23,CUST-1023,32.0,Female,Krasnodar,Google Pixel 9,Smartphones,4,800,5,3040.0,Economy,False,1.0,3.8
ORD-100124,2024-08-17,CUST-1007,,,Krasnodar,HP Pavilion,Laptops,5,900,10,4050.0,Standard,True,,
ORD-100125,2025-04-04,CUST-1157,18.0,Male,Moscow,Power Bank,Accessories,3,40,15,102.0,Premium,True,3.0,4.1
ORD-100126,2024-10-22,CUST-1060,37.0,Male,Moscow,Nintendo Switch,Consoles,1,350,30,245.0,Standard,False,10.0,3.9
ORD-100127,2025-10-09,CUST-1131,54.0,Male,Kazan,Google Pixel 9,Smartphones,2,800,0,1600.0,Premium,False,1.0,4.2
ORD-100128,2024-03-28,CUST-1134,41.0,Male,Moscow,Google Pixel 9,Smartphones,1,800,25,600.0,Business,False,1.0,4.3
ORD-100129,2024-03-10,CUST-1088,33.0,Male,Krasnodar,Wireless Mouse,Accessories,2,35,10,63.0,Standard,True,6.0,4.1
ORD-100130,2025-04-20,CUST-1178,48.0,Male,Kazan,Power Bank,Accessories,3,40,25,90.0,Economy,False,1.0,3.6
ORD-100131,2024-11-13,CUST-1131,43.0,Female,Yekaterinburg,Samsung Galaxy S24,Smartphones,4,850,10,3060.0,Economy,True,5.0,3.7
ORD-100132,2025-01-11,CUST-1111,43.0,Female,Rostov-on-Don,Nintendo Switch,Consoles,1,350,0,350.0,Premium,True,8.0,4.4
ORD-100133,2025-03-10,CUST-1020,45.0,Male,Yekaterinburg,ASUS ZenBook,Laptops,3,1100,25,2475.0,Premium,True,2.0,3.7
ORD-100134,2024-06-19,CUST-1176,46.0,Female,Vladivostok,HP Pavilion,Laptops,2,900,15,1530.0,Economy,False,10.0,5.0
ORD-100135,2025-02-19,CUST-1093,50.0,Male,Moscow,MacBook Air M3,Laptops,1,1400,25,1050.0,Standard,False,1.0,3.3
ORD-100136,2024-02-03,CUST-1154,27.0,Female,Krasnodar,Xiaomi 14,Smartphones,1,650,20,520.0,Premium,False,2.0,4.1
ORD-100137,2024-09-12,CUST-1029,19.0,Male,Vladivostok,Sony Bravia,TVs,1,1300,10,1170.0,Business,True,5.0,4.5
ORD-100138,2025-12-11,CUST-1125,30.0,Male,Kazan,PlayStation 5,Consoles,5,600,10,2700.0,Economy,False,3.0,4.8
ORD-100139,2024-11-23,CUST-1170,40.0,Male,Yekaterinburg,MacBook Air M3,Laptops,3,1400,30,2940.0,Premium,True,3.0,4.6
ORD-100140,2024-05-22,CUST-1060,68.0,Female,Moscow,Samsung QLED,TVs,5,1200,30,4200.0,Premium,False,8.0,4.6
ORD-100141,2025-05-05,CUST-1134,44.0,Female,Saint Petersburg,AirPods Pro,Headphones,1,250,15,212.5,Standard,False,2.0,3.9
ORD-100142,2025-07-18,CUST-1163,55.0,Male,Kazan,JBL Tune,Headphones,1,120,30,84.0,Business,True,2.0,4.0
ORD-100143,2024-08-18,CUST-1088,51.0,Female,Saint Petersburg,Lenovo ThinkPad X1,Laptops,1,1300,25,975.0,Premium,True,9.0,3.5
ORD-100144,2025-08-29,CUST-1148,27.0,Male,Krasnodar,AirPods Pro,Headphones,1,250,5,237.5,Economy,True,2.0,3.1
ORD-100145,2025-08-08,CUST-1106,57.0,Male,Vladivostok,JBL Tune,Headphones,2,120,30,168.0,Premium,False,8.0,3.5
ORD-100146,2025-12-06,CUST-1015,28.0,Female,Rostov-on-Don,Laptop Stand,Accessories,1,30,0,30.0,Business,False,4.0,3.7
ORD-100147,2024-12-19,CUST-1102,26.0,Female,Saint Petersburg,Xiaomi 14,Smartphones,2,650,30,910.0,Premium,True,8.0,3.2
ORD-100148,2025-01-28,CUST-1157,44.0,Male,Kazan,Lenovo ThinkPad X1,Laptops,1,1300,10,1170.0,Premium,False,4.0,4.5
ORD-100149,2025-05-24,CUST-1005,23.0,Female,Vladivostok,Sony Bravia,TVs,1,1300,10,1170.0,Standard,True,10.0,3.7
ORD-100150,2025-10-31,CUST-1172,48.0,Female,Moscow,Google Pixel 9,Smartphones,2,800,30,1120.0,Economy,False,3.0,4.8
ORD-100151,2024-02-22,CUST-1145,53.0,Male,Krasnodar,Xbox Series X,Consoles,1,550,15,467.5,Premium,True,7.0,4.0
ORD-100152,2025-11-27,CUST-1156,25.0,Male,Saint Petersburg,Xbox Series X,Consoles,3,550,20,1320.0,Business,False,6.0,4.1
ORD-100153,2025-02-15,CUST-1128,20.0,Male,Moscow,Lenovo ThinkPad X1,Laptops,1,1300,20,1040.0,Standard,False,8.0,4.0
ORD-100154,2024-11-22,CUST-1041,43.0,Female,Krasnodar,Samsung Galaxy S24,Smartphones,1,850,20,680.0,Business,False,8.0,4.6
ORD-100155,2024-11-11,CUST-1185,,,Vladivostok,MacBook Air M3,Laptops,5,1400,20,5600.0,Premium,True,,
ORD-100156,2024-09-05,CUST-1008,54.0,Male,Novosibirsk,Google Pixel 9,Smartphones,1,800,25,600.0,Economy,False,6.0,3.8
ORD-100157,2025-09-18,CUST-1120,65.0,Male,Kazan,Lenovo ThinkPad X1,Laptops,1,1300,30,910.0,Standard,False,8.0,4.1
ORD-100158,2024-12-16,CUST-1139,40.0,Female,Vladivostok,Lenovo ThinkPad X1,Laptops,1,1300,20,1040.0,Standard,True,5.0,4.1
ORD-100159,2024-07-31,CUST-1176,63.0,Female,Krasnodar,Xiaomi 14,Smartphones,3,650,25,1462.5,Business,False,9.0,4.9
ORD-100160,2025-11-23,CUST-1139,42.0,Female,Krasnodar,Xbox Series X,Consoles,1,550,20,440.0,Standard,False,1.0,3.6
ORD-100161,2024-09-19,CUST-1191,48.0,Male,Novosibirsk,Xbox Series X,Consoles,4,550,25,1650.0,Premium,False,3.0,3.2
ORD-100162,2025-06-27,CUST-1057,58.0,Male,Moscow,PlayStation 5,Consoles,1,600,25,450.0,Economy,False,6.0,4.4
ORD-100163,2024-06-10,CUST-1104,59.0,Female,Vladivostok,Samsung Galaxy S24,Smartphones,1,850,20,680.0,Standard,False,6.0,3.6
ORD-100164,2025-07-01,CUST-1189,64.0,Male,Kazan,iPhone 15,Smartphones,2,900,5,1710.0,Business,True,1.0,5.0
ORD-100165,2024-10-23,CUST-1009,18.0,Female,Saint Petersburg,HP Pavilion,Laptops,1,900,25,675.0,Premium,False,8.0,5.0
ORD-100166,2025-05-31,CUST-1119,35.0,Male,Saint Petersburg,Sony Bravia,TVs,4,1300,5,4940.0,Premium,True,8.0,4.3
ORD-100167,2024-10-29,CUST-1145,61.0,Male,Kazan,PlayStation 5,Consoles,2,600,30,840.0,Business,False,9.0,3.7
ORD-100168,2025-05-03,CUST-1082,33.0,Male,Yekaterinburg,MacBook Air M3,Laptops,1,1400,5,1330.0,Business,True,8.0,4.5
ORD-100169,2024-01-12,CUST-1066,59.0,Female,Novosibirsk,Wireless Mouse,Accessories,2,35,20,56.0,Economy,True,8.0,3.6
ORD-100170,2024-10-29,CUST-1094,57.0,Male,Novosibirsk,ASUS ZenBook,Laptops,2,1100,25,1650.0,Standard,False,3.0,3.9
ORD-100171,2025-04-27,CUST-1193,52.0,Male,Novosibirsk,Wireless Mouse,Accessories,1,35,20,28.0,Economy,False,9.0,4.4
ORD-100172,2025-06-01,CUST-1051,54.0,Male,Kazan,iPhone 15,Smartphones,1,900,20,720.0,Premium,False,2.0,4.4
ORD-100173,2025-04-01,CUST-1014,47.0,Male,Rostov-on-Don,Xbox Series X,Consoles,1,550,20,440.0,Business,True,,
ORD-100174,2024-01-04,CUST-1190,31.0,Male,Moscow,USB-C Cable,Accessories,1,15,30,10.5,Business,False,2.0,4.1
ORD-100175,2024-02-02,CUST-1073,44.0,Male,Kazan,iPhone 15,Smartphones,5,900,15,3825.0,Business,False,7.0,3.9
ORD-100176,2025-11-08,CUST-1138,26.0,Female,Saint Petersburg,Laptop Stand,Accessories,1,30,25,22.5,Standard,False,9.0,3.3
ORD-100177,2025-04-19,CUST-1172,64.0,Female,Rostov-on-Don,USB-C Cable,Accessories,3,15,10,40.5,Standard,True,8.0,3.7
ORD-100178,2025-03-05,CUST-1157,67.0,Male,Novosibirsk,MacBook Air M3,Laptops,1,1400,25,1050.0,Standard,True,2.0,4.2
ORD-100179,2025-02-15,CUST-1112,32.0,Male,Moscow,MacBook Air M3,Laptops,1,1400,0,1400.0,Standard,False,4.0,4.6
ORD-100180,2025-11-19,CUST-1082,33.0,Female,Kazan,Xbox Series X,Consoles,2,550,30,770.0,Standard,False,5.0,3.6
ORD-100181,2025-07-23,CUST-1126,21.0,Female,Rostov-on-Don,Sony WH-1000XM5,Headphones,2,350,15,595.0,Premium,False,7.0,3.3
ORD-100182,2024-11-03,CUST-1181,27.0,Female,Moscow,HP Pavilion,Laptops,1,900,5,855.0,Business,False,9.0,4.1
ORD-100183,2024-03-21,CUST-1115,41.0,Male,Novosibirsk,ASUS ZenBook,Laptops,1,1100,25,825.0,Economy,False,7.0,4.3
ORD-100184,2025-08-24,CUST-1185,60.0,Male,Vladivostok,AirPods Pro,Headphones,1,250,30,175.0,Standard,False,5.0,4.9
ORD-100185,2025-05-05,CUST-1062,62.0,Male,Rostov-on-Don,Samsung Galaxy S24,Smartphones,5,850,0,4250.0,Standard,False,5.0,
ORD-100186,2025-06-09,CUST-1127,47.0,Male,Vladivostok,Xiaomi TV,TVs,1,700,10,630.0,Premium,True,6.0,3.6
ORD-100187,2024-09-24,CUST-1141,55.0,Female,Yekaterinburg,Samsung Galaxy S24,Smartphones,2,850,0,1700.0,Standard,True,6.0,3.5
ORD-100188,2025-12-02,CUST-1086,34.0,Female,Vladivostok,Sony WH-1000XM5,Headphones,1,350,25,262.5,Business,True,6.0,3.3
ORD-100189,2025-10-19,CUST-1015,51.0,Male,Saint Petersburg,Xbox Series X,Consoles,1,550,20,440.0,Economy,True,7.0,3.3
ORD-100190,2024-08-11,CUST-1129,47.0,Female,Moscow,AirPods Pro,Headphones,2,250,0,500.0,Business,False,1.0,3.0
ORD-100191,2024-10-08,CUST-1137,36.0,Male,Rostov-on-Don,AirPods Pro,Headphones,1,250,25,187.5,Standard,True,2.0,4.0
ORD-100192,2025-02-10,CUST-1020,41.0,Female,Vladivostok,Xiaomi 14,Smartphones,3,650,10,1755.0,Standard,True,5.0,4.4
ORD-100193,2025-01-21,CUST-1141,48.0,Male,Moscow,USB-C Cable,Accessories,1,15,15,12.75,Standard,True,8.0,4.7
ORD-100194,2024-04-07,CUST-1135,,,Novosibirsk,JBL Tune,Headphones,2,120,30,168.0,Business,False,,
ORD-100195,2025-11-04,CUST-1008,29.0,Female,Moscow,JBL Tune,Headphones,4,120,20,384.0,Standard,True,7.0,4.9
ORD-100196,2025-02-02,CUST-1173,52.0,Female,Rostov-on-Don,Lenovo ThinkPad X1,Laptops,2,1300,30,1820.0,Standard,True,9.0,4.5
ORD-100197,2024-03-18,CUST-1087,56.0,Female,Krasnodar,MacBook Air M3,Laptops,1,1400,30,980.0,Economy,False,8.0,4.0
ORD-100198,2025-08-22,CUST-1169,42.0,Male,Yekaterinburg,HP Pavilion,Laptops,1,900,25,675.0,Standard,True,2.0,3.5
ORD-100199,2025-01-04,CUST-1027,23.0,Male,Yekaterinburg,Lenovo ThinkPad X1,Laptops,2,1300,10,2340.0,Business,False,5.0,3.2
ORD-100200,2025-06-08,CUST-1104,24.0,Male,Saint Petersburg,Google Pixel 9,Smartphones,1,800,20,640.0,Premium,True,10.0,4.2
ORD-100201,2025-02-01,CUST-1199,23.0,Male,Kazan,HP Pavilion,Laptops,1,900,15,765.0,Business,True,3.0,3.5
ORD-100202,2024-10-09,CUST-1107,37.0,Female,Saint Petersburg,Lenovo ThinkPad X1,Laptops,1,1300,15,1105.0,Premium,False,4.0,4.4
ORD-100203,2024-11-07,CUST-1001,43.0,Female,Rostov-on-Don,LG OLED,TVs,1,1500,5,1425.0,Premium,False,6.0,3.9
ORD-100204,2025-09-09,CUST-1177,30.0,Female,Krasnodar,Keyboard,Accessories,1,60,10,54.0,Standard,False,6.0,3.6
ORD-100205,2024-09-05,CUST-1083,42.0,Female,Rostov-on-Don,Samsung Buds,Headphones,5,180,30,630.0,Premium,True,10.0,3.4
ORD-100206,2024-01-28,CUST-1186,47.0,Male,Vladivostok,Power Bank,Accessories,2,40,20,64.0,Premium,True,7.0,4.3
ORD-100207,2024-06-06,CUST-1183,45.0,Female,Saint Petersburg,Xiaomi 14,Smartphones,1,650,25,487.5,Business,False,10.0,3.8
ORD-100208,2025-01-03,CUST-1179,69.0,Male,Saint Petersburg,Sony Bravia,TVs,1,1300,30,910.0,Standard,False,3.0,4.3
ORD-100209,2025-03-16,CUST-1027,18.0,Male,Yekaterinburg,Google Pixel 9,Smartphones,5,800,10,3600.0,Standard,True,8.0,
ORD-100210,2025-05-09,CUST-1026,36.0,Female,Saint Petersburg,LG OLED,TVs,1,1500,0,1500.0,Economy,True,6.0,3.6
ORD-100211,2025-05-02,CUST-1024,46.0,Female,Krasnodar,LG OLED,TVs,1,1500,10,1350.0,Economy,False,,
ORD-100212,2024-06-17,CUST-1189,33.0,Male,Kazan,Xiaomi 14,Smartphones,2,650,25,975.0,Premium,False,8.0,3.5
ORD-100213,2025-03-18,CUST-1101,19.0,Male,Vladivostok,Lenovo ThinkPad X1,Laptops,1,1300,25,975.0,Business,False,1.0,4.4
ORD-100214,2025-07-03,CUST-1047,41.0,Female,Novosibirsk,iPhone 15,Smartphones,2,900,30,1260.0,Business,True,5.0,4.3
ORD-100215,2025-02-05,CUST-1150,25.0,Female,Krasnodar,Xiaomi TV,TVs,2,700,20,1120.0,Business,True,5.0,4.8
ORD-100216,2024-11-08,CUST-1029,29.0,Female,Kazan,Sony WH-1000XM5,Headphones,1,350,5,332.5,Business,False,10.0,3.3
ORD-100217,2025-12-11,CUST-1165,29.0,Male,Vladivostok,Lenovo ThinkPad X1,Laptops,1,1300,20,1040.0,Premium,True,3.0,3.6
ORD-100218,2025-05-11,CUST-1034,30.0,Female,Vladivostok,Samsung QLED,TVs,3,1200,0,3600.0,Business,False,7.0,4.4
ORD-100219,2024-08-13,CUST-1074,20.0,Female,Novosibirsk,Lenovo ThinkPad X1,Laptops,1,1300,0,1300.0,Premium,True,8.0,4.1
ORD-100220,2025-08-09,CUST-1029,35.0,Female,Moscow,Xbox Series X,Consoles,1,550,0,550.0,Business,True,7.0,3.2
ORD-100221,2025-04-05,CUST-1067,40.0,Male,Vladivostok,Power Bank,Accessories,1,40,0,40.0,Economy,True,4.0,4.6
ORD-100222,2025-10-09,CUST-1109,28.0,Male,Novosibirsk,JBL Tune,Headphones,3,120,20,288.0,Standard,True,10.0,3.7
ORD-100223,2024-10-26,CUST-1074,54.0,Female,Saint Petersburg,Lenovo ThinkPad X1,Laptops,1,1300,25,975.0,Standard,False,1.0,5.0
ORD-100224,2024-09-12,CUST-1037,63.0,Female,Novosibirsk,Power Bank,Accessories,2,40,5,76.0,Business,False,3.0,4.2
ORD-100225,2025-10-10,CUST-1196,23.0,Female,Yekaterinburg,HP Pavilion,Laptops,1,900,0,900.0,Premium,False,8.0,3.7
ORD-100226,2025-10-12,CUST-1170,62.0,Female,Saint Petersburg,iPhone 15,Smartphones,2,900,15,1530.0,Business,True,7.0,4.6
ORD-100227,2025-07-14,CUST-1147,26.0,Female,Krasnodar,Xiaomi TV,TVs,3,700,10,1890.0,Economy,True,2.0,4.3
ORD-100228,2024-06-10,CUST-1112,47.0,Male,Rostov-on-Don,USB-C Cable,Accessories,1,15,30,10.5,Standard,True,5.0,3.3
ORD-100229,2024-09-13,CUST-1021,41.0,Male,Moscow,Wireless Mouse,Accessories,1,35,10,31.5,Business,False,4.0,3.9
ORD-100230,2024-03-20,CUST-1033,55.0,Male,Vladivostok,iPhone 15,Smartphones,1,900,15,765.0,Economy,True,6.0,4.6
ORD-100231,2024-03-13,CUST-1058,42.0,Male,Saint Petersburg,Laptop Stand,Accessories,2,30,15,51.0,Economy,False,6.0,4.8
ORD-100232,2024-05-26,CUST-1017,51.0,Male,Kazan,Samsung Galaxy S24,Smartphones,2,850,25,1275.0,Business,False,4.0,4.3
ORD-100233,2024-08-10,CUST-1022,24.0,Male,Saint Petersburg,Google Pixel 9,Smartphones,2,800,15,1360.0,Business,False,7.0,3.6
ORD-100234,2025-07-20,CUST-1153,56.0,Female,Moscow,Xiaomi 14,Smartphones,2,650,5,1235.0,Premium,True,9.0,4.2
ORD-100235,2024-09-02,CUST-1126,42.0,Male,Novosibirsk,Google Pixel 9,Smartphones,1,800,0,800.0,Business,True,9.0,4.8
ORD-100236,2025-01-31,CUST-1145,44.0,Female,Kazan,Xiaomi 14,Smartphones,4,650,5,2470.0,Business,True,1.0,4.2
ORD-100237,2025-02-11,CUST-1129,36.0,Female,Rostov-on-Don,Samsung Galaxy S24,Smartphones,1,850,0,850.0,Business,True,9.0,4.1
ORD-100238,2024-07-27,CUST-1039,52.0,Female,Rostov-on-Don,iPhone 15,Smartphones,1,900,20,720.0,Economy,False,7.0,4.5
ORD-100239,2024-04-28,CUST-1116,57.0,Male,Yekaterinburg,USB-C Cable,Accessories,1,15,15,12.75,Standard,True,1.0,4.4
ORD-100240,2025-06-19,CUST-1132,68.0,Female,Kazan,PlayStation 5,Consoles,1,600,10,540.0,Premium,True,5.0,4.5
ORD-100241,2024-10-05,CUST-1134,22.0,Female,Saint Petersburg,iPhone 15,Smartphones,1,900,15,765.0,Business,False,9.0,3.7
ORD-100242,2024-04-15,CUST-1146,61.0,Male,Novosibirsk,LG OLED,TVs,1,1500,10,1350.0,Economy,True,1.0,3.5
ORD-100243,2024-02-06,CUST-1141,69.0,Female,Novosibirsk,Sony Bravia,TVs,4,1300,5,4940.0,Premium,True,7.0,4.8
ORD-100244,2025-05-29,CUST-1172,21.0,Male,Novosibirsk,MacBook Air M3,Laptops,2,1400,0,2800.0,Economy,False,2.0,4.8
ORD-100245,2025-04-12,CUST-1002,41.0,Male,Yekaterinburg,Wireless Mouse,Accessories,1,35,20,28.0,Premium,True,8.0,3.7
ORD-100246,2024-09-08,CUST-1038,18.0,Female,Moscow,Power Bank,Accessories,2,40,20,64.0,Standard,False,1.0,4.9
ORD-100247,2024-11-10,CUST-1026,31.0,Male,Rostov-on-Don,Google Pixel 9,Smartphones,3,800,25,1800.0,Business,True,3.0,4.4
ORD-100248,2025-02-26,CUST-1179,41.0,Female,Saint Petersburg,Samsung Galaxy S24,Smartphones,4,850,20,2720.0,Economy,True,7.0,3.1
ORD-100249,2024-08-30,CUST-1074,34.0,Female,Rostov-on-Don,Samsung Buds,Headphones,2,180,5,342.0,Premium,False,8.0,3.5
ORD-100250,2025-08-21,CUST-1027,27.0,Male,Kazan,Samsung Galaxy S24,Smartphones,1,850,30,595.0,Business,False,6.0,3.8
ORD-100251,2024-09-28,CUST-1030,23.0,Male,Yekaterinburg,LG OLED,TVs,1,1500,15,1275.0,Economy,True,6.0,3.3
ORD-100252,2025-11-24,CUST-1076,34.0,Male,Moscow,Xbox Series X,Consoles,1,550,0,550.0,Business,False,9.0,4.5
ORD-100253,2024-05-23,CUST-1031,18.0,Male,Novosibirsk,Google Pixel 9,Smartphones,1,800,30,560.0,Standard,True,7.0,3.7
ORD-100254,2024-03-17,CUST-1005,22.0,Male,Vladivostok,AirPods Pro,Headphones,2,250,10,450.0,Standard,True,6.0,3.2
ORD-100255,2025-03-19,CUST-1185,43.0,Female,Moscow,USB-C Cable,Accessories,1,15,20,12.0,Business,False,3.0,3.7
ORD-100256,2024-02-05,CUST-1157,57.0,Male,Yekaterinburg,Wireless Mouse,Accessories,1,35,5,33.25,Business,False,9.0,4.0
ORD-100257,2025-10-20,CUST-1134,33.0,Male,Rostov-on-Don,Google Pixel 9,Smartphones,1,800,5,760.0,Premium,False,9.0,4.6
ORD-100258,2024-01-27,CUST-1081,56.0,Male,Moscow,ASUS ZenBook,Laptops,1,1100,5,1045.0,Premium,True,8.0,4.1
ORD-100259,2024-09-10,CUST-1168,33.0,Female,Moscow,PlayStation 5,Consoles,5,600,0,3000.0,Standard,False,6.0,4.9
ORD-100260,2024-11-21,CUST-1188,62.0,Female,Moscow,Power Bank,Accessories,1,40,20,32.0,Premium,True,10.0,4.9
ORD-100261,2025-05-17,CUST-1009,23.0,Male,Novosibirsk,Laptop Stand,Accessories,1,30,5,28.5,Standard,True,9.0,4.0
ORD-100262,2024-06-30,CUST-1082,21.0,Male,Kazan,Lenovo ThinkPad X1,Laptops,3,1300,10,3510.0,Standard,True,9.0,4.7
ORD-100263,2025-02-09,CUST-1150,24.0,Female,Yekaterinburg,Wireless Mouse,Accessories,2,35,25,52.5,Premium,True,3.0,4.5
ORD-100264,2025-12-25,CUST-1143,62.0,Female,Novosibirsk,HP Pavilion,Laptops,2,900,5,1710.0,Standard,False,5.0,4.5
ORD-100265,2025-08-09,CUST-1100,67.0,Male,Kazan,Lenovo ThinkPad X1,Laptops,2,1300,25,1950.0,Premium,True,10.0,3.2
ORD-100266,2024-12-21,CUST-1081,28.0,Male,Krasnodar,Xiaomi TV,TVs,2,700,5,1330.0,Business,True,5.0,3.4
ORD-100267,2024-01-02,CUST-1012,42.0,Female,Rostov-on-Don,JBL Tune,Headphones,1,120,0,120.0,Standard,False,8.0,4.8
ORD-100268,2025-08-14,CUST-1166,66.0,Male,Kazan,HP Pavilion,Laptops,1,900,15,765.0,Business,True,1.0,3.6
ORD-100269,2025-01-19,CUST-1041,64.0,Male,Saint Petersburg,MacBook Air M3,Laptops,1,1400,5,1330.0,Premium,False,1.0,3.9
ORD-100270,2024-12-05,CUST-1052,30.0,Female,Yekaterinburg,Samsung Buds,Headphones,1,180,0,180.0,Premium,False,4.0,3.2
ORD-100271,2024-01-04,CUST-1109,23.0,Female,Vladivostok,HP Pavilion,Laptops,1,900,10,810.0,Standard,True,1.0,3.4
ORD-100272,2024-11-11,CUST-1200,43.0,Female,Vladivostok,AirPods Pro,Headphones,1,250,0,250.0,Premium,True,9.0,3.8
ORD-100273,2024-02-15,CUST-1067,46.0,Female,Yekaterinburg,HP Pavilion,Laptops,1,900,15,765.0,Standard,False,10.0,3.1
ORD-100274,2024-12-18,CUST-1138,44.0,Male,Moscow,Nintendo Switch,Consoles,1,350,25,262.5,Business,False,9.0,4.4
ORD-100275,2024-11-02,CUST-1020,43.0,Male,Kazan,Keyboard,Accessories,4,60,15,204.0,Economy,False,3.0,4.9
ORD-100276,2024-02-13,CUST-1108,23.0,Female,Novosibirsk,Samsung Galaxy S24,Smartphones,3,850,5,2422.5,Standard,False,6.0,4.8
ORD-100277,2025-02-10,CUST-1141,38.0,Female,Vladivostok,USB-C Cable,Accessories,1,15,20,12.0,Economy,False,2.0,3.8
ORD-100278,2024-04-13,CUST-1073,52.0,Female,Rostov-on-Don,iPhone 15,Smartphones,4,900,20,2880.0,Premium,False,8.0,4.1
ORD-100279,2025-09-25,CUST-1155,61.0,Female,Moscow,LG OLED,TVs,1,1500,5,1425.0,Business,False,4.0,3.1
ORD-100280,2024-12-11,CUST-1077,,Female,Vladivostok,Xiaomi TV,TVs,4,700,0,2800.0,Economy,True,,
ORD-100281,2025-09-11,CUST-1165,23.0,Male,Vladivostok,Xbox Series X,Consoles,1,550,15,467.5,Standard,False,8.0,4.5
ORD-100282,2024-03-08,CUST-1079,63.0,Female,Kazan,USB-C Cable,Accessories,1,15,5,14.25,Economy,True,4.0,4.8
ORD-100283,2024-02-21,CUST-1092,63.0,Male,Yekaterinburg,iPhone 15,Smartphones,1,900,15,765.0,Premium,False,9.0,3.8
ORD-100284,2025-08-31,CUST-1114,29.0,Female,Krasnodar,USB-C Cable,Accessories,1,15,15,12.75,Premium,True,5.0,4.5
ORD-100285,2024-06-15,CUST-1146,67.0,Male,Novosibirsk,JBL Tune,Headphones,1,120,0,120.0,Standard,True,5.0,4.3
ORD-100286,2025-10-24,CUST-1044,56.0,Male,Novosibirsk,Samsung QLED,TVs,1,1200,5,1140.0,Premium,False,5.0,3.8
ORD-100287,2025-04-22,CUST-1077,61.0,Female,Saint Petersburg,ASUS ZenBook,Laptops,1,1100,5,1045.0,Economy,False,9.0,4.3
ORD-100288,2024-03-06,CUST-1086,35.0,Female,Yekaterinburg,JBL Tune,Headphones,2,120,15,204.0,Premium,False,4.0,3.3
ORD-100289,2025-09-06,CUST-1103,60.0,Female,Kazan,PlayStation 5,Consoles,3,600,30,1260.0,Economy,False,5.0,3.5
ORD-100290,2025-12-26,CUST-1146,70.0,Male,Krasnodar,HP Pavilion,Laptops,2,900,20,1440.0,Standard,False,6.0,4.0
ORD-100291,2025-04-27,CUST-1032,65.0,Female,Kazan,Keyboard,Accessories,1,60,0,60.0,Premium,True,4.0,3.7
ORD-100292,2025-01-15,CUST-1066,55.0,Female,Vladivostok,Xbox Series X,Consoles,1,550,10,495.0,Economy,False,1.0,4.7
ORD-100293,2025-05-27,CUST-1030,61.0,Female,Yekaterinburg,AirPods Pro,Headphones,1,250,5,237.5,Business,True,3.0,3.3
ORD-100294,2024-05-26,CUST-1080,63.0,Male,Saint Petersburg,Google Pixel 9,Smartphones,5,800,15,3400.0,Business,False,3.0,3.6
ORD-100295,2024-06-21,CUST-1147,66.0,Male,Vladivostok,Google Pixel 9,Smartphones,1,800,30,560.0,Economy,True,10.0,3.9
ORD-100296,2024-01-05,CUST-1009,52.0,Male,Krasnodar,HP Pavilion,Laptops,5,900,15,3825.0,Economy,False,9.0,3.4
ORD-100297,2024-11-15,CUST-1033,24.0,Female,Yekaterinburg,Sony WH-1000XM5,Headphones,1,350,10,315.0,Standard,True,1.0,3.6
ORD-100298,2024-05-17,CUST-1087,49.0,Female,Novosibirsk,ASUS ZenBook,Laptops,1,1100,25,825.0,Standard,False,1.0,3.5
ORD-100299,2025-08-26,CUST-1129,28.0,Male,Krasnodar,PlayStation 5,Consoles,1,600,0,600.0,Economy,False,5.0,4.5
ORD-100300,2024-01-21,CUST-1012,62.0,Male,Rostov-on-Don,AirPods Pro,Headphones,2,250,25,375.0,Business,False,2.0,4.1
ORD-100301,2025-10-07,CUST-1002,37.0,Female,Saint Petersburg,LG OLED,TVs,1,1500,25,1125.0,Premium,True,7.0,4.7
ORD-100302,2024-04-18,CUST-1127,30.0,Male,Yekaterinburg,iPhone 15,Smartphones,1,900,30,630.0,Standard,False,7.0,3.6
ORD-100303,2025-05-07,CUST-1084,33.0,Male,Moscow,Google Pixel 9,Smartphones,4,800,25,2400.0,Economy,True,10.0,4.3
ORD-100304,2024-04-13,CUST-1065,59.0,Male,Vladivostok,iPhone 15,Smartphones,3,900,0,2700.0,Premium,False,8.0,3.1
ORD-100305,2025-11-24,CUST-1080,45.0,Male,Saint Petersburg,USB-C Cable,Accessories,3,15,10,40.5,Economy,True,3.0,4.3
ORD-100306,2024-10-01,CUST-1187,23.0,Female,Krasnodar,Xiaomi 14,Smartphones,4,650,20,2080.0,Standard,True,7.0,3.8
ORD-100307,2025-03-07,CUST-1166,69.0,Male,Saint Petersburg,Sony Bravia,TVs,2,1300,15,2210.0,Standard,True,3.0,3.2
ORD-100308,2025-03-24,CUST-1046,57.0,Female,Krasnodar,Laptop Stand,Accessories,3,30,25,67.5,Economy,True,8.0,4.8
ORD-100309,2024-09-24,CUST-1167,38.0,Male,Novosibirsk,Google Pixel 9,Smartphones,1,800,0,800.0,Premium,True,7.0,4.3
ORD-100310,2025-01-29,CUST-1038,70.0,Male,Moscow,Xiaomi 14,Smartphones,2,650,25,975.0,Standard,False,8.0,4.7
ORD-100311,2024-10-11,CUST-1012,50.0,Male,Rostov-on-Don,Google Pixel 9,Smartphones,1,800,10,720.0,Business,True,2.0,3.9
ORD-100312,2025-04-02,CUST-1080,25.0,Female,Moscow,Laptop Stand,Accessories,1,30,15,25.5,Economy,False,7.0,3.1
ORD-100313,2025-10-14,CUST-1077,50.0,Male,Vladivostok,Samsung QLED,TVs,3,1200,20,2880.0,Premium,False,1.0,4.6
ORD-100314,2025-09-06,CUST-1121,63.0,Female,Vladivostok,Wireless Mouse,Accessories,2,35,20,56.0,Economy,True,4.0,3.0
ORD-100315,2025-12-19,CUST-1027,20.0,Male,Vladivostok,ASUS ZenBook,Laptops,1,1100,10,990.0,Standard,False,2.0,3.5
ORD-100316,2024-08-08,CUST-1117,,Male,Krasnodar,iPhone 15,Smartphones,4,900,15,3060.0,Economy,False,,
ORD-100317,2025-04-13,CUST-1168,55.0,Male,Vladivostok,Keyboard,Accessories,1,60,15,51.0,Economy,True,9.0,4.9
ORD-100318,2024-06-30,CUST-1177,55.0,Male,Kazan,Laptop Stand,Accessories,4,30,30,84.0,Economy,False,10.0,4.2
ORD-100319,2025-12-10,CUST-1195,33.0,Female,Rostov-on-Don,HP Pavilion,Laptops,1,900,20,720.0,Premium,False,8.0,4.6
ORD-100320,2024-11-17,CUST-1182,65.0,Male,Novosibirsk,Xiaomi 14,Smartphones,3,650,20,1560.0,Standard,False,6.0,4.8
ORD-100321,2025-10-14,CUST-1082,63.0,Male,Krasnodar,Samsung Galaxy S24,Smartphones,1,850,25,637.5,Business,False,9.0,3.6
ORD-100322,2025-01-25,CUST-1037,21.0,Male,Novosibirsk,USB-C Cable,Accessories,1,15,0,15.0,Premium,True,5.0,4.4
ORD-100323,2024-07-27,CUST-1192,52.0,Male,Krasnodar,iPhone 15,Smartphones,2,900,10,1620.0,Business,True,10.0,4.7
ORD-100324,2025-02-02,CUST-1060,50.0,Female,Moscow,PlayStation 5,Consoles,2,600,20,960.0,Business,False,7.0,4.9
ORD-100325,2024-01-14,CUST-1190,34.0,Male,Vladivostok,Wireless Mouse,Accessories,5,35,0,175.0,Standard,False,10.0,4.1
ORD-100326,2025-11-30,CUST-1019,29.0,Male,Saint Petersburg,Sony WH-1000XM5,Headphones,1,350,5,332.5,Business,True,7.0,3.6
ORD-100327,2024-01-06,CUST-1084,47.0,Male,Moscow,Lenovo ThinkPad X1,Laptops,2,1300,10,2340.0,Standard,False,10.0,3.1
ORD-100328,2025-05-17,CUST-1146,53.0,Female,Saint Petersburg,Keyboard,Accessories,3,60,10,162.0,Premium,True,3.0,4.0
ORD-100329,2025-02-17,CUST-1023,40.0,Male,Novosibirsk,PlayStation 5,Consoles,1,600,20,480.0,Premium,False,6.0,3.6
ORD-100330,2025-10-26,CUST-1002,25.0,Female,Vladivostok,Keyboard,Accessories,1,60,20,48.0,Standard,True,1.0,4.4
ORD-100331,2024-10-16,CUST-1006,51.0,Female,Vladivostok,MacBook Air M3,Laptops,1,1400,20,1120.0,Business,True,5.0,4.8
ORD-100332,2025-07-04,CUST-1136,18.0,Male,Novosibirsk,iPhone 15,Smartphones,4,900,5,3420.0,Standard,False,2.0,3.4
ORD-100333,2025-12-03,CUST-1039,19.0,Female,Krasnodar,Laptop Stand,Accessories,2,30,0,60.0,Economy,True,2.0,
ORD-100334,2024-08-21,CUST-1066,44.0,Female,Vladivostok,Nintendo Switch,Consoles,1,350,30,245.0,Business,False,,
ORD-100335,2024-03-05,CUST-1193,65.0,Male,Saint Petersburg,AirPods Pro,Headphones,2,250,20,400.0,Premium,True,5.0,4.6
ORD-100336,2025-01-25,CUST-1101,70.0,Male,Vladivostok,MacBook Air M3,Laptops,1,1400,15,1190.0,Standard,True,,
ORD-100337,2024-05-27,CUST-1076,61.0,Female,Moscow,Nintendo Switch,Consoles,1,350,25,262.5,Standard,True,1.0,3.0
ORD-100338,2024-12-18,CUST-1054,44.0,Male,Kazan,AirPods Pro,Headphones,1,250,25,187.5,Standard,True,10.0,4.7
ORD-100339,2024-02-25,CUST-1192,53.0,Female,Saint Petersburg,Samsung Galaxy S24,Smartphones,2,850,20,1360.0,Premium,True,5.0,3.2
ORD-100340,2024-05-11,CUST-1171,59.0,Male,Saint Petersburg,Xbox Series X,Consoles,5,550,10,2475.0,Premium,True,4.0,3.6
ORD-100341,2025-08-02,CUST-1145,41.0,Female,Rostov-on-Don,Xiaomi TV,TVs,2,700,5,1330.0,Standard,True,6.0,3.5
ORD-100342,2024-05-17,CUST-1173,64.0,Female,Vladivostok,Google Pixel 9,Smartphones,1,800,10,720.0,Business,False,6.0,4.5
ORD-100343,2024-03-24,CUST-1071,70.0,Male,Novosibirsk,Samsung QLED,TVs,1,1200,20,960.0,Premium,True,2.0,4.8
ORD-100344,2025-02-18,CUST-1196,55.0,Male,Moscow,USB-C Cable,Accessories,3,15,20,36.0,Premium,False,3.0,3.7
ORD-100345,2025-06-06,CUST-1023,43.0,Female,Moscow,Xiaomi 14,Smartphones,1,650,20,520.0,Standard,True,9.0,3.3
ORD-100346,2025-01-02,CUST-1010,32.0,Female,Novosibirsk,Samsung Galaxy S24,Smartphones,2,850,15,1445.0,Economy,False,6.0,3.5
ORD-100347,2024-02-17,CUST-1010,59.0,Female,Saint Petersburg,JBL Tune,Headphones,1,120,15,102.0,Premium,False,10.0,4.1
ORD-100348,2024-03-20,CUST-1132,34.0,Female,Novosibirsk,Google Pixel 9,Smartphones,1,800,25,600.0,Business,False,6.0,4.0
ORD-100349,2025-03-26,CUST-1042,32.0,Male,Yekaterinburg,Samsung QLED,TVs,1,1200,5,1140.0,Standard,True,3.0,3.3
ORD-100350,2024-12-04,CUST-1184,25.0,Female,Vladivostok,AirPods Pro,Headphones,2,250,15,425.0,Business,True,10.0,3.3
ORD-100351,2025-08-10,CUST-1151,28.0,Male,Moscow,USB-C Cable,Accessories,1,15,5,14.25,Standard,True,3.0,3.5
ORD-100352,2025-10-14,CUST-1004,64.0,Female,Saint Petersburg,Google Pixel 9,Smartphones,2,800,20,1280.0,Standard,False,10.0,5.0
ORD-100353,2025-09-07,CUST-1036,68.0,Male,Yekaterinburg,Power Bank,Accessories,1,40,15,34.0,Standard,False,8.0,4.2
ORD-100354,2024-01-17,CUST-1051,51.0,Female,Kazan,Google Pixel 9,Smartphones,1,800,0,800.0,Economy,True,8.0,4.8
ORD-100355,2024-05-13,CUST-1154,52.0,Male,Rostov-on-Don,AirPods Pro,Headphones,1,250,25,187.5,Business,False,1.0,4.4
ORD-100356,2024-12-24,CUST-1150,,Male,Rostov-on-Don,HP Pavilion,Laptops,3,900,15,2295.0,Standard,False,,
ORD-100357,2025-02-22,CUST-1065,30.0,Male,Moscow,USB-C Cable,Accessories,1,15,20,12.0,Economy,True,7.0,4.3
ORD-100358,2024-06-07,CUST-1109,59.0,Female,Yekaterinburg,JBL Tune,Headphones,1,120,0,120.0,Business,False,10.0,3.6
ORD-100359,2025-07-24,CUST-1123,29.0,Female,Vladivostok,Sony WH-1000XM5,Headphones,1,350,30,245.0,Premium,False,10.0,3.7
ORD-100360,2025-11-06,CUST-1030,65.0,Male,Vladivostok,Nintendo Switch,Consoles,1,350,30,245.0,Standard,True,4.0,4.0
ORD-100361,2025-12-24,CUST-1013,,,Moscow,Nintendo Switch,Consoles,2,350,25,525.0,Economy,True,,
ORD-100362,2024-03-22,CUST-1155,20.0,Female,Rostov-on-Don,MacBook Air M3,Laptops,1,1400,10,1260.0,Premium,True,3.0,4.3
ORD-100363,2025-06-14,CUST-1073,30.0,Male,Novosibirsk,Lenovo ThinkPad X1,Laptops,3,1300,30,2730.0,Standard,True,6.0,3.5
ORD-100364,2025-02-13,CUST-1090,60.0,Female,Rostov-on-Don,Samsung Galaxy S24,Smartphones,1,850,10,765.0,Standard,True,2.0,4.8
ORD-100365,2024-10-10,CUST-1057,56.0,Male,Vladivostok,Xiaomi TV,TVs,1,700,30,490.0,Business,True,5.0,3.4
ORD-100366,2024-04-29,CUST-1131,34.0,Female,Vladivostok,Samsung QLED,TVs,1,1200,10,1080.0,Business,False,4.0,4.5
ORD-100367,2024-01-29,CUST-1123,25.0,Female,Saint Petersburg,Laptop Stand,Accessories,2,30,20,48.0,Business,True,4.0,4.6
ORD-100368,2025-12-18,CUST-1067,33.0,Female,Saint Petersburg,ASUS ZenBook,Laptops,1,1100,0,1100.0,Business,False,2.0,4.1
ORD-100369,2024-10-02,CUST-1046,65.0,Male,Vladivostok,Xiaomi 14,Smartphones,1,650,20,520.0,Standard,True,4.0,4.7
ORD-100370,2025-09-25,CUST-1091,27.0,Male,Saint Petersburg,Samsung Galaxy S24,Smartphones,3,850,30,1785.0,Economy,False,10.0,3.0
ORD-100371,2025-09-27,CUST-1080,,,Vladivostok,USB-C Cable,Accessories,3,15,10,40.5,Standard,False,,
ORD-100372,2025-05-04,CUST-1138,20.0,Female,Rostov-on-Don,AirPods Pro,Headphones,1,250,15,212.5,Standard,False,2.0,4.4
ORD-100373,2025-01-23,CUST-1148,24.0,Female,Krasnodar,Samsung QLED,TVs,1,1200,5,1140.0,Premium,True,9.0,3.5
ORD-100374,2025-03-10,CUST-1053,,,Krasnodar,ASUS ZenBook,Laptops,1,1100,15,935.0,Business,False,,
ORD-100375,2024-10-03,CUST-1060,53.0,Female,Rostov-on-Don,Samsung Galaxy S24,Smartphones,3,850,25,1912.5,Standard,True,3.0,3.9
ORD-100376,2025-10-07,CUST-1132,52.0,Female,Vladivostok,Google Pixel 9,Smartphones,1,800,30,560.0,Premium,False,9.0,4.7
ORD-100377,2024-08-08,CUST-1065,,,Vladivostok,iPhone 15,Smartphones,2,900,0,1800.0,Premium,False,,
ORD-100378,2024-05-04,CUST-1089,61.0,Male,Kazan,JBL Tune,Headphones,1,120,15,102.0,Premium,False,6.0,4.3
ORD-100379,2025-09-20,CUST-1073,47.0,Male,Kazan,Sony Bravia,TVs,4,1300,15,4420.0,Premium,False,10.0,4.1
ORD-100380,2024-08-21,CUST-1080,38.0,Female,Yekaterinburg,USB-C Cable,Accessories,1,15,10,13.5,Business,False,8.0,4.6
ORD-100381,2025-02-27,CUST-1042,29.0,Male,Kazan,Keyboard,Accessories,1,60,15,51.0,Standard,False,2.0,3.4
ORD-100382,2025-07-15,CUST-1013,19.0,Female,Saint Petersburg,MacBook Air M3,Laptops,1,1400,15,1190.0,Economy,False,10.0,3.3
ORD-100383,2024-10-17,CUST-1113,58.0,Male,Kazan,Samsung Buds,Headphones,1,180,5,171.0,Standard,True,1.0,4.3
ORD-100384,2025-07-07,CUST-1069,53.0,Female,Kazan,Wireless Mouse,Accessories,3,35,15,89.25,Standard,False,10.0,
ORD-100385,2025-07-06,CUST-1058,69.0,Male,Vladivostok,JBL Tune,Headphones,4,120,15,408.0,Premium,False,7.0,3.5
ORD-100386,2024-05-19,CUST-1088,36.0,Female,Moscow,MacBook Air M3,Laptops,1,1400,30,980.0,Business,False,5.0,3.0
ORD-100387,2024-01-08,CUST-1140,41.0,Male,Rostov-on-Don,ASUS ZenBook,Laptops,2,1100,30,1540.0,Business,False,4.0,3.3
ORD-100388,2024-09-26,CUST-1020,,Male,Yekaterinburg,Xbox Series X,Consoles,3,550,5,1567.5,Premium,False,,
ORD-100389,2025-04-11,CUST-1158,46.0,Female,Vladivostok,Samsung Galaxy S24,Smartphones,1,850,25,637.5,Standard,False,1.0,3.3
ORD-100390,2024-10-15,CUST-1068,26.0,Female,Moscow,USB-C Cable,Accessories,1,15,0,15.0,Standard,True,3.0,3.0
ORD-100391,2025-05-25,CUST-1095,47.0,Male,Krasnodar,Google Pixel 9,Smartphones,1,800,30,560.0,Economy,True,1.0,3.5
ORD-100392,2024-09-13,CUST-1097,18.0,Male,Novosibirsk,HP Pavilion,Laptops,1,900,30,630.0,Business,False,4.0,4.5
ORD-100393,2025-06-17,CUST-1170,31.0,Female,Rostov-on-Don,Google Pixel 9,Smartphones,2,800,0,1600.0,Premium,False,3.0,4.3
ORD-100394,2024-11-01,CUST-1050,,,Novosibirsk,iPhone 15,Smartphones,1,900,25,675.0,Economy,True,,
ORD-100395,2024-09-05,CUST-1002,20.0,Female,Kazan,Xiaomi 14,Smartphones,2,650,15,1105.0,Premium,True,4.0,3.3
ORD-100396,2025-10-02,CUST-1015,21.0,Female,Kazan,Xiaomi 14,Smartphones,4,650,30,1820.0,Economy,True,8.0,3.5
ORD-100397,2024-07-16,CUST-1005,62.0,Female,Krasnodar,Wireless Mouse,Accessories,3,35,15,89.25,Standard,False,1.0,4.0
ORD-100398,2024-07-13,CUST-1145,29.0,Female,Krasnodar,ASUS ZenBook,Laptops,1,1100,15,935.0,Business,False,10.0,4.8
ORD-100399,2024-10-29,CUST-1067,52.0,Female,Vladivostok,AirPods Pro,Headphones,1,250,15,212.5,Economy,False,3.0,4.8
ORD-100400,2024-11-24,CUST-1184,22.0,Female,Novosibirsk,JBL Tune,Headphones,3,120,5,342.0,Business,True,10.0,3.6
ORD-100401,2025-11-05,CUST-1017,20.0,Male,Kazan,ASUS ZenBook,Laptops,1,1100,20,880.0,Economy,True,2.0,4.0
ORD-100402,2025-09-30,CUST-1179,55.0,Female,Moscow,Google Pixel 9,Smartphones,2,800,20,1280.0,Premium,True,10.0,4.4
ORD-100403,2024-03-22,CUST-1119,69.0,Male,Krasnodar,Samsung Galaxy S24,Smartphones,2,850,30,1190.0,Business,False,1.0,4.6
ORD-100404,2024-11-07,CUST-1019,31.0,Male,Saint Petersburg,MacBook Air M3,Laptops,2,1400,30,1960.0,Standard,False,4.0,3.4
ORD-100405,2025-03-01,CUST-1191,24.0,Female,Vladivostok,Sony WH-1000XM5,Headphones,2,350,20,560.0,Business,True,3.0,4.6
ORD-100406,2025-09-06,CUST-1113,,,Krasnodar,Xiaomi TV,TVs,2,700,20,1120.0,Premium,False,,
ORD-100407,2025-01-19,CUST-1196,53.0,Female,Krasnodar,Lenovo ThinkPad X1,Laptops,2,1300,5,2470.0,Business,False,7.0,3.0
ORD-100408,2024-05-18,CUST-1077,,Female,Novosibirsk,Xiaomi 14,Smartphones,2,650,20,1040.0,Standard,False,,
ORD-100409,2025-07-23,CUST-1146,54.0,Male,Saint Petersburg,Wireless Mouse,Accessories,4,35,20,112.0,Economy,False,6.0,
ORD-100410,2024-11-03,CUST-1023,54.0,Female,Novosibirsk,Lenovo ThinkPad X1,Laptops,1,1300,30,910.0,Economy,False,8.0,3.3
ORD-100411,2025-09-01,CUST-1164,37.0,Male,Rostov-on-Don,Keyboard,Accessories,3,60,0,180.0,Economy,True,6.0,3.7
ORD-100412,2024-08-20,CUST-1191,59.0,Male,Rostov-on-Don,Laptop Stand,Accessories,4,30,0,120.0,Economy,False,9.0,3.1
ORD-100413,2024-08-14,CUST-1039,21.0,Female,Vladivostok,LG OLED,TVs,1,1500,25,1125.0,Economy,True,7.0,3.6
ORD-100414,2025-08-08,CUST-1190,21.0,Female,Yekaterinburg,Lenovo ThinkPad X1,Laptops,1,1300,15,1105.0,Economy,False,9.0,3.9
ORD-100415,2025-05-14,CUST-1101,59.0,Male,Novosibirsk,Sony WH-1000XM5,Headphones,1,350,5,332.5,Standard,True,5.0,
ORD-100416,2025-03-09,CUST-1093,40.0,Male,Krasnodar,MacBook Air M3,Laptops,1,1400,15,1190.0,Premium,True,5.0,3.3
ORD-100417,2024-02-15,CUST-1059,30.0,Female,Kazan,HP Pavilion,Laptops,2,900,15,1530.0,Economy,True,1.0,3.5
ORD-100418,2024-10-21,CUST-1003,39.0,Male,Yekaterinburg,Sony WH-1000XM5,Headphones,3,350,30,735.0,Business,False,1.0,3.7
ORD-100419,2024-09-21,CUST-1140,48.0,Male,Moscow,PlayStation 5,Consoles,1,600,20,480.0,Business,True,5.0,3.3
ORD-100420,2024-01-09,CUST-1017,42.0,Female,Krasnodar,ASUS ZenBook,Laptops,1,1100,25,825.0,Economy,True,5.0,4.7
ORD-100421,2025-12-27,CUST-1025,38.0,Female,Saint Petersburg,Sony WH-1000XM5,Headphones,5,350,20,1400.0,Standard,True,9.0,4.9
ORD-100422,2024-11-08,CUST-1085,49.0,Female,Kazan,AirPods Pro,Headphones,1,250,20,200.0,Economy,False,6.0,3.7
ORD-100423,2024-09-20,CUST-1099,70.0,Male,Yekaterinburg,ASUS ZenBook,Laptops,3,1100,25,2475.0,Standard,True,6.0,4.8
ORD-100424,2025-11-25,CUST-1156,58.0,Male,Rostov-on-Don,AirPods Pro,Headphones,2,250,20,400.0,Standard,True,7.0,4.9
ORD-100425,2024-07-30,CUST-1167,26.0,Male,Kazan,Wireless Mouse,Accessories,1,35,5,33.25,Premium,True,7.0,5.0
ORD-100426,2024-06-10,CUST-1081,22.0,Male,Kazan,Power Bank,Accessories,2,40,20,64.0,Premium,True,1.0,4.5
ORD-100427,2025-03-29,CUST-1190,70.0,Female,Kazan,Laptop Stand,Accessories,5,30,10,135.0,Standard,True,3.0,3.4
ORD-100428,2025-08-03,CUST-1156,32.0,Male,Novosibirsk,Nintendo Switch,Consoles,2,350,20,560.0,Economy,False,2.0,4.4
ORD-100429,2024-07-07,CUST-1099,49.0,Female,Kazan,Sony Bravia,TVs,2,1300,10,2340.0,Standard,True,4.0,3.1
ORD-100430,2024-08-15,CUST-1190,60.0,Male,Novosibirsk,PlayStation 5,Consoles,4,600,15,2040.0,Economy,True,8.0,4.7
ORD-100431,2025-03-13,CUST-1103,67.0,Male,Rostov-on-Don,Xiaomi TV,TVs,3,700,5,1995.0,Premium,False,10.0,4.9
ORD-100432,2025-04-12,CUST-1010,33.0,Female,Moscow,AirPods Pro,Headphones,1,250,15,212.5,Business,True,4.0,3.6
ORD-100433,2025-04-17,CUST-1042,45.0,Female,Moscow,ASUS ZenBook,Laptops,3,1100,10,2970.0,Standard,False,8.0,3.2
ORD-100434,2025-07-13,CUST-1034,43.0,Female,Krasnodar,LG OLED,TVs,3,1500,25,3375.0,Business,True,3.0,3.9
ORD-100435,2024-09-13,CUST-1082,62.0,Male,Saint Petersburg,Power Bank,Accessories,4,40,0,160.0,Economy,True,8.0,4.3
ORD-100436,2025-09-18,CUST-1040,42.0,Female,Moscow,Google Pixel 9,Smartphones,2,800,20,1280.0,Standard,False,10.0,4.7
ORD-100437,2025-12-30,CUST-1013,44.0,Female,Yekaterinburg,Power Bank,Accessories,3,40,5,114.0,Business,False,3.0,3.2
ORD-100438,2024-09-16,CUST-1003,47.0,Female,Vladivostok,Samsung Galaxy S24,Smartphones,1,850,30,595.0,Economy,False,4.0,3.4
ORD-100439,2025-09-07,CUST-1153,18.0,Male,Yekaterinburg,Samsung Buds,Headphones,1,180,0,180.0,Standard,True,3.0,3.3
ORD-100440,2025-11-14,CUST-1147,56.0,Female,Krasnodar,AirPods Pro,Headphones,1,250,0,250.0,Economy,True,,
ORD-100441,2025-12-17,CUST-1152,54.0,Male,Vladivostok,Xiaomi 14,Smartphones,2,650,25,975.0,Premium,True,2.0,4.5
ORD-100442,2025-03-13,CUST-1140,22.0,Female,Vladivostok,HP Pavilion,Laptops,3,900,30,1890.0,Standard,True,5.0,3.7
ORD-100443,2024-02-29,CUST-1027,54.0,Male,Vladivostok,Lenovo ThinkPad X1,Laptops,2,1300,20,2080.0,Premium,False,10.0,4.7
ORD-100444,2025-07-30,CUST-1127,51.0,Female,Vladivostok,ASUS ZenBook,Laptops,4,1100,20,3520.0,Standard,True,5.0,5.0
ORD-100445,2024-04-30,CUST-1188,31.0,Female,Rostov-on-Don,iPhone 15,Smartphones,1,900,30,630.0,Economy,False,6.0,4.1
ORD-100446,2024-10-15,CUST-1065,68.0,Male,Yekaterinburg,AirPods Pro,Headphones,2,250,25,375.0,Premium,False,1.0,3.2
ORD-100447,2024-01-30,CUST-1044,30.0,Female,Krasnodar,HP Pavilion,Laptops,2,900,20,1440.0,Business,False,1.0,4.3
ORD-100448,2024-12-09,CUST-1118,68.0,Female,Moscow,Sony Bravia,TVs,4,1300,20,4160.0,Premium,False,9.0,4.1
ORD-100449,2024-12-28,CUST-1016,27.0,Female,Moscow,Xiaomi 14,Smartphones,3,650,30,1365.0,Premium,False,9.0,4.7
ORD-100450,2024-11-11,CUST-1180,,,Yekaterinburg,Samsung Buds,Headphones,1,180,0,180.0,Business,True,,
ORD-100451,2024-06-28,CUST-1028,41.0,Male,Novosibirsk,ASUS ZenBook,Laptops,1,1100,10,990.0,Economy,False,9.0,3.0
ORD-100452,2025-06-20,CUST-1079,67.0,Female,Kazan,LG OLED,TVs,1,1500,15,1275.0,Economy,True,4.0,4.4
ORD-100453,2025-12-04,CUST-1152,23.0,Female,Vladivostok,Samsung QLED,TVs,1,1200,0,1200.0,Economy,True,9.0,4.5
ORD-100454,2025-10-16,CUST-1053,38.0,Male,Novosibirsk,PlayStation 5,Consoles,2,600,10,1080.0,Premium,False,9.0,3.6
ORD-100455,2024-10-07,CUST-1029,18.0,Male,Novosibirsk,MacBook Air M3,Laptops,1,1400,5,1330.0,Premium,False,5.0,3.3
ORD-100456,2024-03-13,CUST-1079,57.0,Female,Vladivostok,Xbox Series X,Consoles,2,550,5,1045.0,Economy,True,1.0,3.9
ORD-100457,2025-03-12,CUST-1100,29.0,Female,Krasnodar,AirPods Pro,Headphones,1,250,0,250.0,Premium,False,4.0,4.4
ORD-100458,2025-04-21,CUST-1145,26.0,Male,Vladivostok,AirPods Pro,Headphones,5,250,30,875.0,Economy,False,5.0,4.4
ORD-100459,2024-05-27,CUST-1157,34.0,Female,Rostov-on-Don,Xbox Series X,Consoles,1,550,5,522.5,Standard,False,6.0,3.9
ORD-100460,2025-04-17,CUST-1043,36.0,Female,Kazan,Google Pixel 9,Smartphones,1,800,15,680.0,Economy,False,2.0,3.7
ORD-100461,2025-08-27,CUST-1105,33.0,Male,Kazan,JBL Tune,Headphones,1,120,15,102.0,Business,False,,
ORD-100462,2025-08-03,CUST-1087,52.0,Male,Kazan,Keyboard,Accessories,1,60,15,51.0,Economy,False,2.0,4.2
ORD-100463,2024-11-11,CUST-1103,22.0,Male,Rostov-on-Don,Samsung QLED,TVs,3,1200,5,3420.0,Premium,False,1.0,3.2
ORD-100464,2024-01-01,CUST-1193,27.0,Male,Vladivostok,Keyboard,Accessories,4,60,25,180.0,Premium,False,10.0,4.2
ORD-100465,2025-11-26,CUST-1077,45.0,Female,Saint Petersburg,Xiaomi 14,Smartphones,1,650,30,455.0,Economy,False,3.0,4.7
ORD-100466,2025-01-02,CUST-1028,36.0,Male,Novosibirsk,iPhone 15,Smartphones,1,900,20,720.0,Business,False,6.0,4.4
ORD-100467,2024-06-26,CUST-1121,26.0,Male,Rostov-on-Don,HP Pavilion,Laptops,1,900,25,675.0,Premium,False,3.0,3.6
ORD-100468,2025-10-25,CUST-1004,27.0,Female,Rostov-on-Don,Power Bank,Accessories,1,40,0,40.0,Standard,True,3.0,4.3
ORD-100469,2025-09-10,CUST-1108,57.0,Male,Vladivostok,HP Pavilion,Laptops,4,900,25,2700.0,Business,False,7.0,3.7
ORD-100470,2024-08-30,CUST-1182,50.0,Female,Rostov-on-Don,iPhone 15,Smartphones,2,900,30,1260.0,Premium,True,1.0,4.1
ORD-100471,2024-03-22,CUST-1036,64.0,Female,Vladivostok,PlayStation 5,Consoles,2,600,25,900.0,Economy,True,4.0,3.9
ORD-100472,2025-07-06,CUST-1148,37.0,Male,Krasnodar,Nintendo Switch,Consoles,1,350,25,262.5,Economy,False,8.0,4.0
ORD-100473,2024-10-28,CUST-1074,28.0,Male,Yekaterinburg,Xiaomi TV,TVs,1,700,30,490.0,Premium,True,8.0,4.2
ORD-100474,2024-01-28,CUST-1073,49.0,Male,Kazan,JBL Tune,Headphones,3,120,20,288.0,Economy,False,5.0,3.3
ORD-100475,2025-09-10,CUST-1044,55.0,Male,Vladivostok,ASUS ZenBook,Laptops,1,1100,0,1100.0,Premium,True,,
ORD-100476,2024-02-03,CUST-1087,23.0,Male,Kazan,Samsung Galaxy S24,Smartphones,3,850,30,1785.0,Business,False,7.0,3.5
ORD-100477,2024-12-19,CUST-1013,59.0,Female,Saint Petersburg,Lenovo ThinkPad X1,Laptops,1,1300,25,975.0,Economy,True,8.0,3.8
ORD-100478,2025-02-03,CUST-1121,34.0,Male,Rostov-on-Don,Lenovo ThinkPad X1,Laptops,1,1300,25,975.0,Economy,False,8.0,3.8
ORD-100479,2025-10-14,CUST-1090,45.0,Female,Krasnodar,MacBook Air M3,Laptops,1,1400,20,1120.0,Premium,False,2.0,3.5
ORD-100480,2024-09-04,CUST-1187,61.0,Male,Krasnodar,Samsung Buds,Headphones,3,180,25,405.0,Standard,False,9.0,3.0
ORD-100481,2025-06-21,CUST-1026,61.0,Female,Krasnodar,iPhone 15,Smartphones,1,900,0,900.0,Standard,False,5.0,3.4
ORD-100482,2025-11-03,CUST-1055,56.0,Male,Saint Petersburg,iPhone 15,Smartphones,1,900,20,720.0,Economy,True,7.0,4.3
ORD-100483,2024-04-23,CUST-1178,29.0,Female,Yekaterinburg,Keyboard,Accessories,3,60,5,171.0,Business,True,8.0,4.8
ORD-100484,2024-11-27,CUST-1065,28.0,Male,Yekaterinburg,HP Pavilion,Laptops,2,900,25,1350.0,Economy,False,7.0,3.7
ORD-100485,2025-05-18,CUST-1051,57.0,Female,Kazan,Xiaomi 14,Smartphones,1,650,0,650.0,Business,True,3.0,
ORD-100486,2024-09-22,CUST-1026,20.0,Male,Saint Petersburg,MacBook Air M3,Laptops,4,1400,25,4200.0,Premium,False,1.0,4.8
ORD-100487,2025-02-03,CUST-1068,27.0,Female,Rostov-on-Don,iPhone 15,Smartphones,4,900,25,2700.0,Economy,False,8.0,3.9
ORD-100488,2025-01-28,CUST-1176,70.0,Female,Saint Petersburg,USB-C Cable,Accessories,1,15,0,15.0,Premium,False,5.0,3.8
ORD-100489,2024-12-14,CUST-1020,47.0,Female,Novosibirsk,AirPods Pro,Headphones,1,250,30,175.0,Standard,True,7.0,4.3
ORD-100490,2025-12-06,CUST-1091,,Male,Vladivostok,HP Pavilion,Laptops,4,900,25,2700.0,Standard,True,,
ORD-100491,2024-03-05,CUST-1138,,Female,Vladivostok,Nintendo Switch,Consoles,1,350,15,297.5,Business,True,,
ORD-100492,2025-10-31,CUST-1170,51.0,Female,Kazan,MacBook Air M3,Laptops,1,1400,5,1330.0,Standard,True,1.0,4.5
ORD-100493,2024-02-16,CUST-1062,62.0,Male,Moscow,Samsung QLED,TVs,1,1200,20,960.0,Standard,True,5.0,4.6
ORD-100494,2024-04-18,CUST-1029,49.0,Male,Saint Petersburg,Samsung Galaxy S24,Smartphones,3,850,0,2550.0,Standard,False,6.0,4.6
ORD-100495,2025-08-12,CUST-1139,,Female,Novosibirsk,Laptop Stand,Accessories,1,30,25,22.5,Economy,True,,
ORD-100496,2025-07-20,CUST-1042,46.0,Male,Moscow,HP Pavilion,Laptops,1,900,10,810.0,Standard,True,10.0,3.8
ORD-100497,2024-07-02,CUST-1022,63.0,Female,Rostov-on-Don,Google Pixel 9,Smartphones,1,800,0,800.0,Business,True,,
ORD-100498,2025-09-17,CUST-1177,20.0,Male,Vladivostok,HP Pavilion,Laptops,1,900,5,855.0,Economy,False,6.0,3.8
ORD-100499,2024-04-07,CUST-1158,41.0,Male,Vladivostok,Sony WH-1000XM5,Headphones,1,350,20,280.0,Standard,False,1.0,3.4
ORD-100304,2024-04-13,CUST-1065,59.0,Male,Vladivostok,iPhone 15,Smartphones,3,900,0,2700.0,Premium,False,8.0,3.1
ORD-100340,2024-05-11,CUST-1171,59.0,Male,Saint Petersburg,Xbox Series X,Consoles,5,550,10,2475.0,Premium,True,4.0,3.6
ORD-100047,2024-08-17,CUST-1166,22.0,Male,Moscow,Samsung QLED,TVs,5,1200,10,5400.0,Standard,True,1.0,4.2
ORD-100067,2024-12-22,CUST-1104,39.0,Female,Saint Petersburg,HP Pavilion,Laptops,5,900,15,3825.0,Standard,False,7.0,4.4
ORD-100479,2025-10-14,CUST-1090,45.0,Female,Krasnodar,MacBook Air M3,Laptops,1,1400,20,1120.0,Premium,False,2.0,3.5
ORD-100485,2025-05-18,CUST-1051,57.0,Female,Kazan,Xiaomi 14,Smartphones,1,650,0,650.0,Business,True,3.0,
ORD-100310,2025-01-29,CUST-1038,70.0,Male,Moscow,Xiaomi 14,Smartphones,2,650,25,975.0,Standard,False,8.0,4.7
ORD-100031,2025-02-13,CUST-1173,52.0,Female,Moscow,Wireless Mouse,Accessories,1,35,20,28.0,Economy,False,3.0,4.2
